{
	"Modality": "MR",
	"MagneticFieldStrength": 3,
	"ImagingFrequency": 123.203896,
	"Manufacturer": "Siemens",
	"ManufacturersModelName": "Skyra",
	"InstitutionName": "NIH",
	"InstitutionalDepartmentName": "FMRIF 3TD",
	"InstitutionAddress": "10 Center Drive Building 10 Room B1D307,Bethesda--,Maryland,US,20892",
	"DeviceSerialNumber": "45160",
	"StationName": "AWP45160",
	"BodyPart": "BRAIN",
	"PatientPosition": "HFS",
	"ProcedureStepDescription": "FMRIF^QA",
	"SoftwareVersions": "syngo MR E11",
	"MRAcquisitionType": "2D",
	"StudyDescription": "FMRIF^QA",
	"SeriesDescription": "EPI PE=RL",
	"ProtocolName": "EPI PE=RL",
	"ScanningSequence": "EP",
	"SequenceVariant": "SK",
	"ScanOptions": "FS",
	"SequenceName": "epfid2d1_72",
	"ImageType": ["ORIGINAL", "PRIMARY", "M", "ND", "ECHO", "00", "MOSAIC", "MAGNITUDE"],
	"NonlinearGradientCorrection": false,
	"SeriesNumber": 5,
	"AcquisitionTime": "12:28:12.085000",
	"AcquisitionNumber": 1,
	"ImageComments": "None",
	"SliceThickness": 3,
	"SpacingBetweenSlices": 12,
	"SAR": 0.00556578,
	"TablePosition": [
		0,
		0,
		-0	],
	"EchoTime": 0.05,
	"RepetitionTime": 2.43537,
	"FlipAngle": 75,
	"PartialFourier": 1,
	"BaseResolution": 72,
	"ShimSetting": [
		-3717,
		15233,
		-9833,
		-207,
		-312,
		-110,
		150,
		226	],
	"TxRefAmp": 316.97,
	"PhaseResolution": 1,
	"ReceiveCoilName": "Head_32",
	"ReceiveCoilActiveElements": "HEA;HEP",
	"PulseSequenceDetails": "%CustomerSeq%\\nih_ep2d_bold",
	"CoilCombinationMethod": "Sum of Squares",
	"ConsistencyInfo": "N4_VE11C_LATEST_20160120",
	"MatrixCoilMode": "SENSE",
	"PercentPhaseFOV": 100,
	"PercentSampling": 100,
	"EchoTrainLength": 72,
	"PhaseEncodingSteps": 72,
	"AcquisitionMatrixPE": 72,
	"ReconMatrixPE": 72,
	"BandwidthPerPixelPhaseEncode": 27.233,
	"EffectiveEchoSpacing": 0.000510002,
	"DerivedVendorReportedEchoSpacing": 0.000510002,
	"TotalReadoutTime": 0.0362102,
	"PixelBandwidth": 2315,
	"DwellTime": 3e-06,
	"PhaseEncodingDirection": "i",
	"SliceTiming": [
		0,
		1.45,
		0.4825,
		1.9325,
		0.9675	],
	"ImageOrientationPatientDICOM": [
		1,
		-2.07e-13,
		0,
		2.07e-13,
		1,
		0	],
	"ImageOrientationText": "Tra",
	"InPlanePhaseEncodingDirectionDICOM": "ROW",
	"BidsGuess": ["func","_acq-epfid2_dir-RL_run-5_bold"],
	"ConversionSoftware": "dcm2niix",
	"ConversionSoftwareVersion": "v1.0.20241127"
}
